C1,C2,C3,C4,C5,C6,C7,C8,C9,C10,I1,I2,I3,I4,I5,I6,I7,I8,I9,I10,label
1,19,4,2,1,2,4,2,1,4,8392,2,20,3,1,1,3,2,1,2,1
1,10,4,0,1,3,2,3,1,2,22392,1,35,3,1,2,3,1,1,2,1
2,13,2,9,2,4,2,2,1,4,6728,1,22,3,1,1,2,2,1,2,1
1,13,4,0,1,3,3,3,1,2,16976,1,38,3,1,2,2,1,1,1,1
1,13,4,0,1,3,4,3,1,4,17368,2,37,1,2,2,2,2,1,1,1
1,7,4,0,1,2,2,3,1,4,10888,1,39,3,2,1,2,1,1,1,1
4,19,4,3,1,1,4,2,1,4,8784,3,64,3,2,2,1,2,1,2,1
2,25,2,3,3,1,1,2,1,4,30064,4,22,3,1,1,1,2,1,2,1
1,12,4,0,1,3,2,3,1,2,31240,1,35,3,1,2,3,1,1,2,1
1,7,4,3,1,4,1,2,1,4,15656,3,30,3,2,1,3,2,1,2,1
2,49,3,10,2,1,2,3,1,4,60656,4,30,3,2,1,4,2,2,2,1
1,19,2,3,5,4,2,4,1,4,15488,3,22,3,1,2,2,2,1,2,1
1,7,2,3,3,3,2,3,1,3,21176,1,43,3,1,1,3,1,1,2,1
1,12,4,0,1,3,1,3,1,2,31512,1,39,3,2,2,2,1,1,2,1
2,19,2,3,3,2,1,4,1,3,25704,1,24,3,1,1,3,2,1,2,1
4,12,4,0,1,3,1,3,1,4,57824,2,38,3,2,2,2,2,1,2,1
1,7,4,0,1,3,1,3,1,3,29408,1,36,3,1,3,3,1,1,2,1
1,7,4,0,5,2,1,3,1,3,37728,1,43,3,2,2,2,1,1,2,1
2,12,3,3,1,4,2,3,1,4,38168,2,50,3,2,1,3,2,1,2,1
1,13,2,2,1,5,4,2,1,4,5216,2,23,3,1,1,3,2,1,2,1
2,10,4,3,1,5,2,3,1,4,9232,1,36,3,2,3,2,2,1,2,1
4,16,2,0,5,3,3,3,1,2,28448,4,28,3,2,1,3,2,1,2,1
3,43,4,1,1,5,4,3,1,4,38368,4,55,3,3,1,3,2,1,2,1
3,31,4,3,1,5,4,3,1,4,24136,2,46,3,2,1,3,2,1,2,1
4,37,4,0,1,5,4,3,1,4,52912,3,33,3,2,2,4,2,2,2,1
4,25,2,3,3,4,4,2,1,1,11008,3,27,3,2,1,3,2,1,2,1
1,16,2,0,1,2,2,3,1,3,13768,1,35,3,2,1,3,2,1,2,1
1,7,4,0,1,5,1,2,1,4,6880,4,38,3,2,2,3,2,2,2,1
4,13,4,0,1,5,4,3,1,1,11960,1,37,3,2,2,2,1,1,2,1
4,13,4,3,1,5,2,3,1,2,15472,4,25,3,2,2,3,2,1,2,1
4,25,4,1,1,5,4,2,1,2,30944,3,40,3,1,2,4,2,2,2,1
4,13,4,5,5,4,4,2,1,4,7968,1,22,3,2,2,3,2,1,2,1
1,25,2,10,1,5,4,2,3,4,14040,1,57,3,2,1,2,2,2,2,1
4,19,4,0,1,3,4,2,1,3,8224,1,35,3,2,2,3,2,1,2,1
2,25,4,9,5,4,4,3,1,3,22600,4,33,3,2,2,3,1,2,2,1
2,19,2,6,5,3,4,3,1,4,9912,4,60,3,3,1,3,2,1,2,1
1,19,2,0,1,2,4,2,1,3,9728,3,22,3,1,1,3,2,2,2,0
4,25,2,9,1,4,4,3,1,1,10064,1,24,3,2,1,3,2,2,2,1
4,19,4,6,2,3,4,2,1,2,14912,1,29,3,2,2,3,2,1,2,0
4,25,2,0,2,2,4,4,1,3,11792,1,32,3,2,1,3,2,2,2,1
1,25,4,9,2,4,4,3,1,1,11056,1,25,3,2,2,3,2,2,2,1
4,13,2,0,1,3,4,1,1,2,5120,1,48,3,2,1,2,2,1,2,1
3,37,2,3,1,3,2,3,1,2,31352,1,22,3,2,1,3,2,2,2,1
4,13,4,3,5,5,1,3,2,4,18648,1,48,3,2,1,3,2,2,2,1
1,13,4,3,1,4,4,2,1,3,3080,1,57,3,2,4,2,2,2,2,1
4,13,4,3,1,5,2,3,1,4,13240,1,62,3,2,2,2,2,2,2,1
4,22,2,3,5,5,4,3,1,3,25280,2,40,3,2,1,3,2,2,2,1
4,37,2,0,5,3,4,3,1,4,24632,1,35,3,2,1,3,2,1,2,1
4,13,4,0,3,3,4,3,1,4,9304,1,43,3,2,1,3,2,2,2,1
4,25,2,1,1,2,4,2,1,1,21432,4,28,3,2,1,4,2,2,2,1
4,49,4,3,5,5,4,3,1,1,28624,1,46,3,2,1,3,2,2,2,1
4,37,3,0,1,5,2,3,1,2,87000,3,44,3,2,2,3,1,2,2,1
1,13,3,0,1,3,4,3,1,2,10752,1,42,3,2,2,2,1,1,2,1
4,7,4,3,2,3,1,2,1,1,9896,2,26,3,2,2,3,2,1,2,1
4,13,2,3,1,3,2,3,1,4,24616,3,51,3,2,1,3,2,2,2,1
4,25,2,3,1,4,4,3,1,2,18272,3,27,3,2,1,3,2,2,2,1
2,13,2,3,1,3,1,2,1,1,12536,3,21,3,2,1,3,2,2,2,1
4,25,3,0,1,5,4,3,1,4,16256,4,59,3,3,2,3,2,2,2,1
4,37,2,3,3,5,4,3,1,4,18392,3,38,3,2,1,3,2,1,2,1
4,25,2,2,5,4,4,3,1,2,7432,3,30,2,2,1,3,2,2,2,1
3,13,2,3,5,5,2,3,1,3,27192,3,36,3,2,1,4,2,1,2,1
4,22,4,1,1,5,1,3,1,4,26200,3,35,3,2,1,4,2,2,2,1
4,25,4,0,4,5,4,3,1,4,15520,1,59,3,2,1,3,2,2,2,1
1,22,4,0,1,5,4,4,1,3,12816,3,29,3,2,2,3,2,2,2,1
4,16,2,3,5,5,4,3,1,2,15832,3,34,3,2,1,3,2,1,2,1
4,37,4,3,5,5,4,3,1,2,26736,3,50,3,2,1,3,2,2,2,1
2,19,2,0,2,3,2,3,1,2,46928,3,29,3,2,2,3,2,2,2,1
1,13,2,0,4,3,1,3,1,3,29208,2,30,3,2,1,3,1,1,2,1
4,25,4,1,1,4,4,3,1,3,18768,3,34,3,2,2,3,2,2,2,1
4,37,3,3,1,3,4,2,1,4,35632,1,33,3,2,2,3,2,1,2,1
1,7,4,0,4,4,3,2,1,4,5328,1,38,3,2,2,2,2,2,2,1
2,25,3,0,5,3,4,2,1,4,15720,3,41,3,1,2,3,2,2,2,1
2,13,4,0,2,2,4,3,1,1,15960,3,26,3,2,1,3,2,1,2,1
2,31,2,3,5,5,2,2,1,4,23928,3,24,3,2,1,3,2,1,2,1
2,31,0,9,1,3,2,2,1,1,33768,3,27,3,2,2,3,2,1,2,1
1,10,2,3,1,4,3,3,1,4,10912,1,58,3,2,1,3,2,1,2,1
2,19,4,2,1,5,2,3,1,1,50888,4,40,3,2,1,3,2,2,2,1
2,13,4,3,1,3,1,2,1,1,28584,1,22,3,2,1,2,2,1,2,1
2,37,3,9,1,3,2,1,1,2,35640,1,29,2,2,2,4,2,2,2,0
1,10,2,2,1,3,3,3,1,2,17088,1,24,3,2,1,3,2,1,2,1
2,43,4,9,1,4,2,2,1,1,47632,1,40,1,2,2,2,2,1,2,1
4,25,4,2,4,3,4,3,1,4,30216,1,39,3,2,1,3,2,2,2,1
2,25,3,9,5,3,4,3,1,2,37696,2,33,1,2,2,4,2,2,2,1
2,37,3,0,1,3,2,2,1,2,59456,2,53,3,1,1,3,2,1,2,1
4,25,4,3,1,4,4,4,3,2,14808,3,32,3,2,2,3,2,2,2,1
4,13,4,9,1,3,4,2,3,2,11296,1,28,3,2,2,4,2,2,2,1
4,19,2,3,1,2,3,4,1,4,11784,1,38,3,2,1,3,2,2,2,1
4,25,2,3,1,2,4,2,1,3,12264,3,37,2,2,1,3,2,2,2,1
1,16,2,0,1,3,3,2,1,2,31672,2,28,3,2,1,3,2,2,2,0
1,7,2,2,1,5,2,2,1,1,3424,2,48,1,2,1,3,2,2,2,1
2,13,4,0,3,4,3,1,1,3,18928,3,35,3,2,1,4,2,2,2,1
4,13,2,2,1,3,4,2,1,1,6104,1,25,3,2,1,3,2,2,2,1
2,19,2,0,1,4,3,3,1,3,50080,1,27,3,1,1,2,2,1,2,1
4,25,2,1,4,3,2,2,1,4,20824,3,27,3,1,1,3,2,2,2,1
4,10,4,6,3,5,4,3,1,2,7488,3,51,3,2,2,3,2,2,2,1
4,25,2,2,3,5,4,3,1,3,24496,4,31,3,1,1,3,2,2,2,1
2,37,2,3,1,2,4,2,1,1,38360,4,29,3,2,1,4,2,2,2,1
4,37,4,1,1,5,2,3,1,2,46736,2,34,3,2,2,3,1,2,2,1
2,7,2,3,1,2,4,4,1,3,16504,3,29,3,1,1,4,2,2,2,1
4,16,2,3,3,5,4,3,1,3,9704,2,46,2,2,1,3,2,2,2,1
4,25,4,3,1,2,3,4,1,3,40824,4,46,3,3,3,3,2,2,2,1
4,16,2,4,5,2,4,2,1,1,6992,1,23,3,2,1,3,2,1,2,1
4,7,2,2,3,3,1,3,1,2,23824,3,31,3,2,1,3,2,2,2,1
4,19,2,0,1,3,2,4,1,2,14560,2,29,3,2,1,4,2,2,2,1
4,19,2,2,1,3,3,3,1,4,20120,1,42,3,2,1,3,2,2,2,1
4,19,2,3,1,2,3,2,1,1,11624,1,25,3,2,1,3,2,1,2,1
4,11,2,0,1,3,2,2,1,4,10912,3,63,3,2,1,3,2,2,2,1
4,7,2,2,4,3,4,1,1,2,12344,1,32,3,2,1,3,2,1,2,1
2,13,2,0,4,5,4,3,1,4,10544,1,53,3,2,1,3,2,2,2,1
1,25,1,0,2,4,2,3,1,3,18600,3,31,1,2,1,3,2,1,2,1
2,7,4,8,5,4,1,2,1,3,7456,2,38,3,2,2,2,2,1,2,1
3,25,4,3,5,3,3,3,1,2,25184,3,30,3,2,2,3,2,2,2,1
4,37,2,3,5,5,2,2,1,4,30680,1,44,3,2,1,2,2,2,2,1
4,10,2,6,5,5,1,3,1,4,30656,1,63,3,2,1,2,2,1,2,1
4,10,4,2,1,1,2,3,1,3,19248,3,30,3,2,1,4,2,1,2,1
4,37,2,3,5,3,4,2,1,4,19152,3,24,3,2,1,3,2,1,2,1
4,22,2,1,5,5,4,3,1,4,19808,1,45,3,2,1,4,2,2,2,1
1,25,2,1,5,5,4,3,1,4,23712,4,48,1,3,1,3,1,2,2,1
1,13,2,2,5,5,2,1,1,4,10096,2,48,3,2,1,2,2,2,2,1
4,13,2,9,1,4,2,3,1,4,12336,3,35,3,2,1,3,2,2,2,1
2,25,4,3,1,5,4,3,1,2,13944,2,47,3,2,2,2,2,1,2,1
3,13,1,3,4,3,3,2,1,3,3272,1,41,3,1,2,3,2,1,2,1
4,13,2,3,1,2,2,2,1,2,17368,3,28,1,2,1,3,2,1,2,1
4,49,4,1,5,4,2,3,1,1,70864,4,34,3,3,2,3,2,2,2,1
2,25,2,0,2,4,2,3,1,3,28096,3,37,1,2,2,3,2,2,2,1
1,13,2,3,1,3,4,2,1,1,11984,3,22,1,2,1,3,2,1,2,1
2,49,1,9,1,5,4,2,1,3,51328,4,58,3,1,1,3,2,1,2,0
4,13,4,3,1,3,4,2,1,2,10328,2,34,3,2,2,3,2,1,2,1
3,25,4,9,4,3,2,1,1,4,10200,1,35,3,2,2,3,2,2,2,1
4,25,2,2,1,4,2,2,1,4,31776,2,24,3,1,1,3,2,2,2,1
4,16,4,2,1,3,4,3,1,2,26744,4,27,3,3,1,3,2,2,2,1
3,16,2,6,1,2,4,2,1,4,3136,2,22,3,1,1,3,2,2,2,1
4,31,4,3,1,4,4,2,1,2,46168,3,24,3,2,2,3,2,1,2,1
4,25,4,9,1,3,3,3,1,2,36208,1,73,3,2,1,4,2,2,2,1
4,16,4,2,1,4,2,2,2,3,22304,3,23,1,2,2,3,2,1,2,1
4,7,4,3,1,3,1,2,1,1,11056,3,27,3,2,2,3,2,2,2,1
3,37,2,3,1,3,4,3,1,1,46784,3,23,3,2,1,3,2,1,2,1
1,13,2,0,1,3,4,2,1,2,9824,1,23,3,2,1,2,2,1,2,0
4,25,2,3,1,4,3,3,1,1,12416,3,31,1,2,1,3,1,1,2,1
4,25,2,3,3,5,3,1,1,2,25880,3,35,3,2,1,4,2,2,2,1
4,25,4,9,2,3,3,3,1,3,33112,2,26,3,2,2,2,2,2,2,1
2,13,4,1,2,2,3,3,1,4,14432,2,43,3,2,1,3,2,1,2,1
4,19,2,9,1,4,4,3,1,1,15600,3,33,2,2,2,3,2,2,2,1
4,49,3,3,3,4,4,3,1,1,101992,3,36,3,2,1,4,2,2,2,1
4,19,4,0,1,2,4,2,1,1,8440,2,29,3,2,2,3,2,1,2,1
1,31,0,9,5,2,2,3,1,3,64576,3,24,1,2,3,3,2,1,2,1
4,31,4,3,1,3,4,2,1,2,22648,3,32,3,2,1,3,2,2,2,1
4,10,2,9,1,4,3,2,1,2,11592,3,26,3,2,2,3,2,1,2,1
4,13,2,0,5,5,4,3,1,3,19120,3,49,3,2,1,3,2,2,2,1
4,25,2,3,3,5,3,3,1,2,27440,3,30,3,2,1,3,1,2,2,1
2,37,2,6,1,4,3,3,1,1,18184,3,31,3,2,2,3,1,1,2,1
2,37,2,6,5,3,2,4,1,2,29688,3,26,3,2,1,3,2,1,2,1
2,49,2,0,5,4,1,2,1,2,67896,3,23,3,2,1,3,2,1,2,1
4,25,2,0,5,2,4,3,1,1,18040,2,53,3,2,1,3,2,1,2,1
4,13,2,3,1,3,3,3,1,2,10096,3,24,3,2,1,3,2,1,2,1
4,34,4,1,1,4,3,3,1,2,58024,3,34,3,2,2,4,2,2,2,1
4,7,4,0,1,4,1,3,1,3,54088,4,44,3,2,2,4,1,2,2,1
4,19,4,2,1,3,4,2,1,2,14536,4,27,3,2,2,3,2,1,2,1
4,13,2,3,2,4,3,3,1,1,17128,4,34,3,2,1,3,2,1,2,1
4,49,1,9,1,3,1,2,1,1,28872,1,26,2,2,1,3,2,1,2,1
4,31,2,3,3,5,4,3,1,2,18664,3,29,1,2,1,4,2,1,2,1
3,19,1,3,5,4,4,3,1,4,11560,3,48,1,2,1,2,2,1,2,1
1,25,2,2,5,2,1,2,1,2,61768,2,29,3,2,1,3,2,2,1,1
2,19,2,9,1,5,1,3,2,1,35512,1,32,1,2,1,4,2,2,2,1
1,13,2,3,1,3,2,3,1,2,8856,1,19,3,1,1,4,1,2,2,1
2,16,2,3,5,2,4,3,1,1,11552,2,22,3,2,1,3,2,1,2,1
2,49,1,0,5,1,4,3,2,4,97352,4,35,3,3,1,4,2,2,2,1
3,5,2,0,5,2,1,3,1,2,11952,1,28,3,2,1,2,1,1,1,1
1,25,1,2,3,3,4,3,1,4,22624,1,21,2,2,1,3,2,2,2,1
1,25,1,2,3,3,4,3,1,4,19864,1,21,2,2,1,3,2,2,2,1
3,7,4,0,1,3,1,3,1,1,10392,1,73,3,2,3,1,1,1,1,1
2,10,2,0,5,2,4,3,1,2,12392,1,34,3,2,1,1,2,1,2,1
4,11,2,1,5,2,1,2,1,4,23208,1,30,3,1,1,3,2,1,2,1
3,7,2,0,4,2,2,4,1,2,5672,1,26,3,2,1,1,2,1,1,1
4,11,2,0,5,5,4,3,2,2,10296,2,44,3,2,1,2,2,1,1,1
3,31,4,3,5,5,4,3,1,4,29248,2,48,2,2,2,2,2,1,2,1
1,19,2,2,4,3,4,3,1,2,21272,3,27,3,2,1,3,2,1,2,1
4,25,4,3,4,3,4,2,1,1,12128,1,42,3,2,2,2,2,1,2,1
4,15,3,0,1,3,4,3,1,2,6416,3,26,3,2,2,2,2,1,2,1
4,22,2,9,4,5,4,2,1,4,12576,1,35,1,2,1,2,2,1,2,1
2,49,1,9,2,4,4,3,1,2,28528,3,29,3,2,1,3,2,1,2,1
4,25,2,3,1,5,4,3,1,1,10224,1,35,3,2,1,4,2,2,2,1
4,7,0,3,1,5,4,4,1,4,3408,3,38,3,2,1,2,2,1,2,1
4,40,2,1,2,5,4,3,1,2,68704,3,44,3,2,1,4,2,2,2,1
1,31,2,1,1,3,4,1,1,4,30856,2,39,3,2,1,4,2,2,2,1
2,13,2,0,1,4,2,4,1,3,5480,3,24,1,2,1,2,2,1,2,0
1,25,2,3,1,5,4,2,1,4,12824,3,54,3,2,1,3,2,1,2,1
1,25,2,3,1,5,4,3,1,4,19072,1,63,1,1,1,2,2,1,2,1
4,40,2,1,3,3,4,3,1,4,20552,3,23,3,2,1,3,2,1,2,1
4,16,4,3,3,3,2,4,1,2,10528,2,46,3,2,2,2,2,1,2,1
4,61,2,0,1,5,2,3,1,4,82928,2,41,3,2,1,4,2,2,2,1
4,19,2,9,2,3,3,2,1,4,12544,2,23,3,1,1,2,2,1,2,1
4,19,4,3,3,5,4,3,1,3,5032,2,31,1,2,2,4,2,2,2,1
4,25,2,1,2,4,3,2,1,4,27904,3,22,3,2,1,3,2,1,2,1
4,19,4,3,1,3,4,3,1,2,14400,3,23,3,2,2,3,2,1,2,1
4,25,3,2,2,3,2,3,1,3,33208,2,34,3,2,2,3,2,1,2,1
2,16,2,5,2,3,3,2,1,2,21048,1,24,3,2,1,2,2,1,2,1
4,22,2,1,5,3,1,3,1,3,41984,3,25,3,2,1,3,2,1,2,1
2,19,3,0,5,5,4,3,1,4,23192,3,42,3,2,1,3,1,1,2,1
4,13,2,3,1,5,4,3,1,4,6432,3,37,3,2,1,3,2,1,2,1
4,37,2,3,1,5,4,3,1,2,28760,3,27,3,2,1,3,2,1,2,1
4,37,4,1,4,5,4,3,1,2,45688,3,37,3,2,2,4,2,2,2,1
3,16,2,9,1,4,2,3,1,4,21496,2,25,3,1,1,3,2,2,2,1
1,16,3,2,1,5,1,2,1,4,29144,2,26,3,2,2,2,2,1,2,1
4,11,4,2,1,2,1,2,1,3,17168,1,22,3,1,2,3,2,1,2,1
1,11,2,3,1,5,3,3,1,4,18520,1,51,3,2,1,2,2,1,2,1
4,6,2,9,1,4,1,3,1,4,27584,1,73,3,2,1,2,2,1,2,1
4,16,2,2,1,2,2,3,1,3,21664,2,26,1,2,2,2,2,1,2,1
4,12,4,0,1,2,4,2,1,4,11144,3,34,3,2,2,4,2,1,2,1
3,11,2,2,1,2,4,2,1,2,10200,2,22,3,2,1,3,2,1,2,1
4,13,2,3,1,2,4,2,1,3,11944,3,33,3,2,1,3,1,1,2,1
4,23,2,3,3,5,3,3,1,4,21400,3,39,3,2,1,3,2,1,2,1
4,37,2,0,3,5,4,3,1,4,7272,2,35,3,2,1,3,2,1,2,1
4,13,4,2,1,2,2,2,1,4,10064,2,21,3,1,2,2,2,1,2,1
4,16,1,3,2,5,4,3,1,4,12552,3,33,1,2,1,2,1,1,2,1
4,7,2,1,3,3,2,3,1,4,9888,2,49,3,1,1,3,2,1,2,1
4,37,3,2,3,4,2,2,1,4,61424,3,39,3,2,2,3,2,2,2,1
4,25,2,2,3,5,3,3,1,4,22680,2,52,3,2,1,3,2,1,2,1
4,25,2,1,1,5,4,3,1,4,21360,3,34,3,2,1,4,2,2,2,1
4,13,1,8,3,3,4,2,1,3,27576,1,34,3,2,1,2,1,1,2,1
4,16,2,3,1,5,4,2,1,2,28544,3,53,1,1,1,4,2,2,2,1
2,22,4,9,1,4,2,3,1,3,29216,2,26,3,2,2,3,2,1,2,1
1,25,2,3,1,3,2,2,1,4,29280,3,27,3,2,1,3,2,1,2,1
3,10,2,3,2,5,2,1,1,4,9008,1,48,3,2,1,3,2,1,2,1
3,7,3,3,1,2,2,2,1,1,5464,2,28,1,2,1,3,2,1,2,1
3,13,2,2,1,3,1,2,1,2,18008,3,45,3,2,1,2,2,1,2,1
4,13,2,1,5,2,1,2,1,4,37400,3,19,3,1,1,3,2,1,2,1
2,22,3,0,1,3,1,1,1,4,18824,2,46,3,2,2,3,2,1,2,1
1,22,2,3,4,2,4,2,1,2,26856,3,28,1,2,1,3,2,1,2,1
4,7,2,0,1,1,1,2,1,4,5376,1,53,3,2,1,1,2,2,2,1
1,7,4,3,3,5,4,3,1,4,2704,3,51,3,2,2,3,2,1,2,1
4,10,2,3,1,3,1,3,1,2,21576,1,31,3,2,1,3,1,1,2,1
4,10,2,0,3,5,2,3,1,4,20056,4,50,3,3,1,2,2,1,2,1
4,16,3,3,1,3,4,4,1,3,11824,1,32,1,2,2,3,2,1,2,1
4,13,4,6,5,2,2,3,1,1,28520,2,36,3,2,2,2,1,1,2,1
4,7,4,3,5,3,1,3,1,2,15184,1,33,3,2,2,2,1,1,2,1
2,7,3,9,2,5,1,1,1,2,11592,3,30,1,2,2,3,1,1,2,1
4,16,3,2,4,4,3,2,1,2,7680,2,29,3,2,2,3,2,1,2,1
4,37,2,1,1,3,1,2,1,2,65064,2,29,1,2,1,3,2,1,2,1
4,10,2,2,2,2,2,2,1,4,18408,2,21,3,1,1,3,2,1,2,1
4,7,3,9,2,3,1,3,1,2,13944,1,33,3,2,2,2,2,1,2,1
2,13,2,2,4,2,1,2,1,4,7864,1,18,3,1,1,2,2,1,2,1
4,19,3,3,1,1,2,4,1,3,18560,1,33,3,2,2,3,2,1,2,1
1,13,1,8,1,5,4,4,1,1,2712,3,44,1,2,1,2,2,1,2,1
3,25,2,3,1,4,4,3,1,2,41216,3,24,1,2,1,3,2,1,2,1
3,25,2,2,1,2,2,2,1,4,29992,3,25,3,2,1,3,2,1,2,1
4,10,4,3,5,3,1,3,1,2,24592,1,32,3,2,2,3,1,1,2,1
1,7,2,2,1,3,1,3,1,2,10992,1,35,1,2,1,2,2,2,2,1
4,7,1,0,5,3,1,3,3,2,6264,1,25,2,2,1,2,1,1,2,1
1,22,2,3,1,2,4,2,1,4,20848,2,27,3,1,1,4,2,2,2,1
4,55,0,1,5,3,2,3,1,2,75488,2,38,3,2,1,2,1,1,2,1
4,13,4,3,5,5,4,3,1,4,7440,1,64,3,2,4,3,2,1,2,1
4,7,4,0,4,3,2,2,1,2,2000,1,40,1,2,2,2,2,1,2,1
2,25,2,0,1,2,4,3,1,1,9608,2,25,3,2,1,3,2,1,2,1
4,16,2,1,5,5,4,3,1,4,10400,4,44,1,3,1,3,1,1,2,1
4,25,1,9,1,4,4,3,1,4,12472,3,39,1,2,1,3,2,2,2,1
4,7,0,0,2,3,4,3,1,1,9632,4,34,1,1,1,3,2,1,1,1
4,11,2,0,3,3,3,3,1,2,12776,4,39,3,1,1,2,1,1,1,1
4,13,2,3,2,3,4,2,2,2,16584,1,27,3,2,1,3,2,1,2,1
4,12,2,9,4,5,1,1,1,2,17136,1,27,3,2,1,3,2,2,2,1
4,11,2,0,1,3,3,3,1,2,12368,1,30,3,2,1,2,1,1,1,1
4,25,4,0,4,5,4,2,1,4,10296,1,36,3,2,2,3,2,2,2,1
4,11,2,0,2,3,3,3,1,2,11344,1,34,3,1,1,2,2,1,1,1
3,7,4,0,1,5,1,3,1,4,10744,1,45,3,2,2,3,1,1,1,1
4,19,2,0,5,4,4,3,1,3,21296,2,31,3,2,1,3,2,1,1,1
4,19,4,3,1,5,3,3,1,4,48560,3,32,3,2,2,3,2,2,2,1
4,19,4,3,1,3,2,2,1,2,19232,3,25,3,2,2,3,2,1,2,1
4,7,4,3,1,4,1,2,1,2,12432,3,23,3,1,2,3,2,2,2,1
4,23,2,0,5,4,4,2,1,4,10264,2,24,3,1,1,3,2,1,2,1
4,25,3,0,5,5,4,4,1,4,5736,3,53,3,2,2,3,2,2,2,1
1,25,2,2,1,2,4,3,2,1,13976,2,23,3,2,1,2,2,1,1,1
1,10,4,5,2,5,3,3,3,4,10304,1,47,3,2,2,3,1,1,1,1
1,11,4,0,1,4,4,3,2,3,8304,2,48,3,2,2,3,2,2,2,1
4,13,2,1,4,4,3,3,1,2,11304,2,54,3,2,1,3,2,1,1,1
4,31,4,3,5,5,3,3,1,2,24616,3,39,3,2,2,3,1,2,2,1
4,19,4,1,5,1,2,3,1,4,25832,4,37,3,2,1,4,2,2,2,1
4,13,4,0,2,4,4,2,1,3,5456,3,50,3,2,2,3,2,2,2,1
4,11,2,3,1,3,1,3,1,4,15392,2,37,3,2,1,3,2,2,1,1
4,11,2,6,3,5,4,3,1,4,5816,4,45,3,3,1,3,2,2,2,1
3,11,4,0,1,5,4,3,1,4,6248,4,62,3,3,2,3,2,2,2,1
1,13,4,0,1,3,4,3,1,2,16968,2,29,3,2,2,3,2,1,2,1
4,13,4,6,1,3,4,3,1,2,5608,3,31,3,2,2,3,2,1,2,1
4,11,4,2,5,3,2,4,1,1,16552,3,25,3,2,2,3,2,1,1,1
4,25,2,0,4,4,4,2,1,3,12200,3,33,3,2,1,3,1,2,2,1
4,49,4,9,5,5,4,1,1,2,61032,3,45,1,2,2,4,1,1,2,1
1,13,4,0,1,3,3,2,2,2,27992,1,28,3,2,2,3,2,1,2,0
4,7,2,3,2,5,2,3,1,4,10768,4,41,1,3,1,3,1,2,2,1
4,37,4,1,5,5,2,3,1,4,83816,4,41,3,3,2,3,2,1,2,1
4,16,4,0,5,5,1,2,1,4,40360,3,58,3,2,1,3,2,2,2,1
1,13,2,2,1,2,4,2,1,1,14864,3,21,3,1,1,3,2,1,2,1
4,7,4,2,5,3,1,4,1,2,9768,2,26,3,2,2,3,2,1,2,1
4,10,2,2,1,3,4,2,1,2,11104,1,25,3,1,1,3,2,1,2,1
4,13,2,3,5,3,4,3,1,4,18232,4,36,3,3,1,3,2,2,2,1
3,25,2,3,3,3,3,2,1,3,10064,3,56,3,2,1,2,2,1,2,1
2,13,0,8,1,3,2,3,1,2,11280,1,30,3,2,1,2,2,2,2,1
1,16,2,0,1,3,2,2,1,4,11224,3,27,3,1,1,3,2,1,2,1
4,25,4,3,4,5,2,3,1,2,20624,3,33,3,2,1,3,2,1,2,1
1,7,2,4,1,2,4,2,1,1,2744,1,26,3,2,1,3,2,1,2,1
4,22,3,2,2,4,4,3,1,3,12728,1,33,3,2,2,4,2,1,2,1
1,28,2,3,1,3,3,3,1,2,27328,3,26,3,2,1,4,2,1,2,1
1,13,0,5,1,4,4,3,1,3,8864,1,27,3,2,2,3,2,1,2,0
2,28,3,1,1,5,1,3,1,2,47720,3,29,3,2,2,4,2,2,2,1
2,16,2,5,2,3,4,3,3,2,12112,1,21,3,2,1,3,2,1,2,1
4,31,4,3,5,4,2,3,1,3,53936,2,35,3,2,2,3,2,1,2,1
1,19,2,2,1,2,1,2,1,4,29200,3,21,3,1,1,3,2,1,2,1
1,22,2,2,1,4,1,2,1,4,28792,3,25,3,1,1,2,2,1,2,1
4,43,4,2,3,3,4,3,1,4,32328,1,35,3,2,2,3,2,2,2,1
2,10,2,3,1,3,4,3,1,3,3664,1,23,3,2,1,3,2,1,2,1
2,10,2,2,1,3,4,2,1,1,7344,2,29,3,2,1,3,2,1,2,0
4,25,2,0,1,3,1,3,1,4,59144,2,42,3,2,1,2,1,1,2,1
3,11,2,4,1,3,2,3,1,2,9800,3,36,3,2,1,3,2,2,2,1
1,25,2,1,5,5,2,2,1,4,22496,1,25,3,1,1,3,2,1,2,1
4,16,2,1,1,4,2,3,1,2,24232,3,32,3,2,1,3,2,1,2,1
3,13,4,0,3,1,2,3,1,4,11840,4,65,1,3,3,1,2,1,2,1
3,7,4,6,1,3,2,2,1,4,8376,2,49,3,2,1,2,2,1,2,1
4,16,4,3,1,3,4,3,1,4,11768,4,34,3,3,2,3,2,2,2,1
4,25,2,2,2,3,4,3,1,1,44088,3,24,2,2,1,3,2,1,2,1
2,10,2,3,1,5,4,2,1,4,9648,1,24,3,2,1,3,2,1,2,1
2,25,3,3,1,2,1,3,1,2,51224,3,32,3,2,1,3,2,1,2,1
4,13,2,3,1,3,4,3,1,2,5656,1,29,1,2,2,3,2,1,2,1
4,13,3,1,1,3,4,4,1,4,12024,1,40,3,1,1,3,2,1,2,1
2,13,2,0,1,4,2,3,1,2,48624,3,31,3,2,1,3,2,1,2,1
2,28,2,9,1,2,4,2,1,1,20224,2,31,3,2,1,3,1,2,2,1
2,13,2,9,2,4,3,3,1,4,8296,1,38,3,2,1,2,2,1,2,1
1,7,2,1,3,1,1,2,1,2,10816,2,22,3,1,1,1,2,2,2,1
4,25,2,3,1,2,4,2,1,4,25448,2,25,3,2,1,3,2,2,2,1
2,49,2,10,5,1,3,3,1,4,43048,4,39,1,3,1,1,2,2,2,1
4,16,2,1,1,3,3,3,1,2,37256,3,29,3,2,1,3,2,2,2,1
2,10,2,9,1,3,2,4,1,1,11128,1,26,1,2,1,3,2,2,2,1
2,19,2,9,4,2,3,4,1,3,15304,1,35,1,2,1,3,2,2,2,1
4,43,2,3,5,4,2,4,1,4,57328,2,28,3,1,1,3,2,2,2,1
4,13,4,3,5,5,4,3,1,4,7808,3,34,3,2,2,3,2,1,2,1
4,25,3,9,3,3,4,3,1,2,19000,3,43,3,2,2,3,1,2,2,1
4,13,4,3,3,5,4,3,1,4,4176,2,41,3,2,2,3,1,2,2,1
4,29,4,3,1,5,4,3,1,2,21944,3,28,3,2,2,3,2,1,2,1
4,12,4,3,2,1,4,2,1,4,9232,1,56,3,2,3,2,2,1,2,1
4,25,4,1,4,3,4,3,1,2,46432,1,26,3,2,2,3,2,1,2,1
4,13,2,3,1,3,4,4,1,2,6208,1,27,3,2,1,3,2,1,2,1
2,12,4,0,4,3,4,2,1,4,10576,3,39,3,2,2,3,2,1,2,1
4,16,4,3,1,5,4,3,1,4,14632,3,45,3,2,2,3,2,2,2,1
4,13,4,3,1,5,4,3,1,4,5736,1,51,3,2,3,3,2,1,2,1
2,40,3,6,2,4,2,3,1,3,94080,4,31,3,1,1,3,2,2,2,1
1,13,2,6,5,3,4,2,1,4,9600,2,22,1,1,1,3,2,2,2,1
2,10,2,0,5,3,1,2,1,2,25560,1,32,3,2,1,2,2,1,2,1
4,31,4,3,1,4,4,2,1,4,36240,3,25,3,1,1,4,2,2,2,1
4,13,4,9,5,5,4,3,1,4,10112,4,56,3,1,1,2,2,1,2,1
4,16,4,6,2,3,4,2,1,3,12256,3,30,3,2,1,3,2,1,2,1
4,7,3,3,1,3,3,2,1,2,7480,1,23,3,2,1,3,2,1,2,1
1,28,4,9,1,5,4,3,1,4,19536,3,42,2,2,4,4,1,2,2,1
4,22,4,2,1,2,4,2,1,4,18304,2,22,3,2,1,3,2,2,2,1
4,28,3,9,1,4,3,3,1,4,40936,3,25,3,2,2,3,2,1,2,1
4,16,2,3,5,3,4,4,1,2,11088,1,39,3,1,1,3,2,2,2,1
4,13,4,3,1,5,4,3,1,4,4944,1,55,3,2,1,3,2,1,2,1
4,13,2,3,5,3,4,2,1,2,7088,3,20,3,2,1,3,2,1,2,1
4,37,2,1,1,3,2,3,1,2,37488,4,31,3,3,1,4,2,2,2,1
2,10,2,3,3,3,4,2,1,3,6320,1,65,3,2,1,2,2,1,2,1
2,13,2,3,3,3,4,3,1,3,6128,1,65,3,2,1,2,2,1,2,0
1,21,2,2,5,4,4,3,1,4,17696,3,38,3,2,1,3,2,2,2,1
2,11,2,0,1,1,2,3,1,4,58464,4,69,1,3,1,4,2,2,2,1
2,25,4,6,1,2,2,2,1,4,45944,4,23,3,3,2,3,2,2,2,1
2,61,3,3,5,3,1,3,1,1,59344,1,26,3,2,1,2,2,1,2,1
2,21,3,10,1,3,2,3,1,3,21032,3,28,1,2,2,3,2,2,2,1
2,19,4,2,1,1,4,3,1,4,58992,2,39,2,2,2,4,2,2,2,1
4,16,2,1,2,2,1,2,1,4,30496,3,22,3,2,1,3,2,2,2,1
1,29,2,0,1,3,3,3,1,2,32048,3,44,3,2,1,2,2,1,2,0
2,13,2,0,5,1,1,2,1,2,59776,1,23,3,1,1,1,2,1,2,1
3,13,2,2,5,5,3,2,1,4,11392,1,54,3,2,1,4,2,2,2,1
2,13,2,1,5,3,4,3,1,2,16224,3,29,3,2,1,3,2,1,2,1
4,16,2,0,3,5,1,2,1,4,42592,4,34,3,3,1,3,2,1,2,1
2,37,2,3,1,4,4,3,1,4,18584,3,23,3,1,1,3,2,1,2,1
4,13,2,6,1,5,4,3,1,4,11144,2,46,1,2,3,3,1,2,2,1
4,25,2,3,5,5,4,3,1,2,7992,3,24,3,2,2,3,2,1,2,1
4,37,2,9,5,5,3,3,1,2,59272,2,36,3,2,2,3,2,1,2,1
4,16,2,2,5,4,1,2,1,4,17488,1,32,1,1,1,2,2,1,2,1
3,37,2,3,1,5,4,3,1,2,35784,3,30,3,2,1,3,2,1,2,1
4,25,2,8,1,2,4,4,1,3,7496,3,26,3,2,2,2,2,1,2,1
4,19,2,2,1,5,4,3,1,4,27376,2,46,1,2,3,3,1,2,2,1
4,25,2,3,5,2,4,3,1,2,24840,3,24,3,2,2,3,2,1,2,1
4,13,4,6,1,5,2,2,1,4,21984,4,56,1,3,3,2,2,1,2,1
2,19,2,5,1,1,2,2,1,4,30976,3,66,3,2,1,3,2,2,2,1
4,28,2,5,5,5,4,3,1,4,41520,2,47,3,2,4,3,1,2,2,1
2,19,2,2,1,4,2,2,1,4,24008,1,39,3,1,1,3,2,1,2,1
4,25,3,9,1,3,1,3,1,2,30904,4,31,3,3,1,3,2,1,2,1
4,13,4,2,5,5,2,3,1,4,46408,2,48,3,1,1,3,2,2,1,1
4,13,4,2,4,4,3,2,1,2,12736,2,34,3,2,1,3,2,1,2,1
4,13,4,9,1,3,3,2,1,2,9480,1,26,3,2,2,3,2,1,2,1
4,13,2,0,5,2,2,3,1,3,28216,2,44,3,2,1,4,1,2,2,1
4,19,2,3,1,2,4,3,1,1,16408,1,32,3,2,1,3,2,1,2,1
4,13,4,2,1,5,2,3,1,4,26648,2,41,2,2,1,3,2,1,2,1
1,19,0,9,1,4,3,3,1,1,24832,2,30,1,2,1,3,2,2,2,1
4,25,4,3,1,5,4,4,2,3,20888,1,45,3,2,2,3,2,1,2,1
1,13,4,1,1,5,4,3,1,3,11272,1,53,3,2,1,3,2,1,2,1
4,25,2,3,2,4,4,4,1,3,10488,2,25,3,2,1,3,2,2,2,1
4,7,2,3,1,4,2,4,1,2,16864,1,28,3,1,1,3,2,1,2,1
4,25,4,1,5,4,3,3,1,4,32336,2,42,3,2,2,3,2,2,2,1
4,13,4,0,1,1,1,2,1,2,7408,2,37,3,2,1,1,2,1,2,1
1,13,2,3,3,5,3,4,1,1,13440,1,34,3,2,1,3,2,1,2,1
4,7,2,3,1,4,3,3,1,2,12760,2,50,3,2,1,3,1,1,2,1
4,7,4,3,1,5,2,4,1,2,13920,1,29,3,1,2,3,2,1,2,1
4,13,4,3,5,5,4,2,1,2,9920,1,37,3,2,2,3,2,2,2,1
4,25,4,2,1,5,4,3,1,4,41200,3,32,3,2,1,3,2,2,2,1
4,7,4,0,3,3,1,4,1,2,16640,3,23,3,2,1,3,2,1,2,1
4,7,2,6,1,2,1,2,1,2,12304,4,55,3,2,1,3,2,1,2,1
2,31,2,2,1,2,2,4,1,1,30656,2,21,3,2,1,3,2,1,2,1
2,25,2,3,2,2,2,3,1,1,23168,3,28,3,2,1,3,2,1,2,1
2,25,3,9,2,4,4,3,1,4,55736,3,35,3,1,1,4,2,2,2,1
4,37,2,6,1,3,4,3,1,4,14552,4,36,2,3,1,3,2,2,2,0
4,25,2,3,5,2,1,2,1,1,47544,3,43,3,2,2,3,2,2,2,0
4,37,2,2,1,3,4,2,1,2,26792,3,27,3,2,1,4,2,2,2,0
4,19,2,3,5,2,4,2,1,2,9008,1,20,3,1,1,3,2,2,2,1
2,13,4,1,1,1,4,3,1,2,14880,3,33,3,2,2,4,2,2,2,1
1,13,2,3,1,3,4,4,1,2,5608,1,39,3,2,1,2,2,1,2,1
2,13,2,3,1,4,2,2,1,1,23440,1,26,3,2,1,3,2,1,2,1
4,5,4,3,1,4,2,3,1,1,12024,1,41,3,2,2,2,1,1,2,1
4,25,4,1,5,4,4,3,1,4,17576,3,42,3,2,2,3,1,2,2,1
3,13,2,3,1,3,2,2,1,2,15048,3,43,3,1,1,2,2,2,2,1
1,19,4,3,1,4,4,4,1,1,15040,2,31,3,2,2,4,2,2,2,1
1,19,2,3,1,2,4,2,1,1,19112,3,26,2,2,1,3,2,1,2,1
2,25,2,3,1,5,4,2,1,4,15736,3,19,3,2,1,3,2,2,2,1
4,5,4,0,1,4,1,2,1,1,27040,1,36,3,2,1,3,1,1,2,1
4,8,4,3,5,5,4,3,1,2,5840,2,45,3,1,2,2,2,2,2,1
2,19,0,2,1,3,1,2,1,4,25952,3,32,1,2,2,3,2,2,2,1
2,10,2,3,1,2,4,2,1,2,13360,3,21,3,2,1,3,2,2,2,0
2,49,2,3,5,4,4,3,1,1,31832,3,40,3,2,2,3,1,2,2,1
2,13,2,2,1,3,4,3,1,2,15376,2,36,3,2,1,2,2,1,2,0
2,19,4,2,1,2,4,2,1,1,10360,2,26,3,2,2,3,2,1,2,1
4,5,4,3,1,4,2,3,1,1,12352,1,41,3,2,3,2,1,1,2,1
2,31,2,3,5,3,4,2,1,1,13720,3,25,3,2,1,3,2,1,2,1
3,11,4,3,5,4,4,3,1,2,10776,2,26,3,2,2,3,2,2,2,1
2,13,2,0,4,3,4,4,1,1,8056,1,21,3,2,1,3,2,1,2,1
4,13,4,2,3,4,3,2,1,4,11216,3,36,3,1,1,3,2,2,2,1
2,13,2,0,1,4,3,3,1,4,16016,2,29,3,1,1,3,1,2,2,1
4,13,2,0,1,3,3,4,1,2,8808,1,26,3,2,2,3,2,2,2,1
4,11,2,8,5,4,4,2,1,3,7152,2,39,3,2,1,3,2,2,2,1
2,12,2,2,4,2,4,2,1,1,12616,1,19,3,2,1,3,2,1,2,1
4,34,3,9,1,3,2,2,1,2,22112,3,25,3,2,2,3,2,2,2,1
2,49,0,0,3,2,1,2,1,1,66864,3,29,3,2,2,3,2,1,2,1
3,13,2,2,1,2,4,2,1,1,11792,2,32,1,2,1,4,2,2,2,1
4,25,2,1,5,1,2,2,1,4,43464,2,25,3,1,1,4,2,2,2,1
2,15,2,9,3,5,1,4,1,2,11280,1,34,3,2,1,3,2,2,2,1
4,21,4,0,5,2,2,1,1,4,27880,1,43,3,2,2,3,2,2,2,1
4,19,4,1,1,4,3,3,1,1,30800,3,26,3,2,2,3,2,1,2,1
3,25,2,3,2,5,4,2,1,2,11016,4,46,3,3,1,3,2,2,2,1
4,7,4,0,2,3,4,2,1,4,2896,3,51,3,2,2,2,2,1,2,1
4,49,2,3,5,4,4,3,1,3,81776,3,36,2,2,1,3,2,2,2,1
3,13,2,0,1,2,4,3,1,1,10640,1,25,3,2,1,3,2,1,2,1
2,27,2,1,1,2,2,3,1,3,63728,3,29,3,2,2,3,2,1,2,1
2,31,1,2,4,3,4,3,1,2,27968,3,33,2,2,1,3,1,2,2,1
2,49,0,9,5,3,2,3,1,2,97632,3,47,1,2,1,4,2,2,2,1
1,37,2,2,1,5,4,3,1,2,27568,3,41,3,2,1,3,1,1,2,0
1,34,4,2,3,3,1,2,1,4,34248,3,22,3,2,2,3,2,1,2,0
1,43,2,3,5,4,4,2,1,3,57392,3,29,3,2,1,4,2,2,2,0
1,25,1,3,1,4,4,3,3,4,12368,3,23,1,1,1,2,2,1,2,0
1,25,2,2,2,1,1,1,1,1,18872,2,32,3,2,1,3,2,1,2,0
4,25,2,3,2,5,2,3,1,4,28968,3,30,3,2,2,3,2,1,2,0
1,13,2,4,2,1,4,2,1,3,5928,2,21,3,2,1,3,2,1,2,0
1,13,2,2,1,5,4,3,1,4,62920,4,52,3,3,1,4,2,2,2,0
1,25,2,1,1,4,2,3,1,1,23280,4,33,3,3,1,4,2,2,2,1
1,37,2,2,1,3,1,3,3,2,28960,2,36,3,2,1,3,1,1,2,1
1,13,2,2,1,3,2,3,1,2,13256,1,26,3,2,1,3,2,1,2,1
1,9,4,10,1,5,3,3,1,4,9312,4,50,1,3,2,4,1,2,2,1
1,37,4,2,1,2,4,2,2,4,49832,4,22,3,1,2,2,2,2,2,0
1,25,1,0,1,1,1,2,2,4,9544,4,28,3,1,2,1,2,1,2,0
1,31,0,2,1,3,2,1,3,2,36664,1,31,3,2,2,3,2,1,2,1
1,37,4,2,1,3,3,3,3,2,42968,2,27,3,2,2,3,2,1,2,1
1,13,2,2,1,3,2,3,3,3,5664,2,37,3,2,1,2,1,1,2,1
1,22,4,0,1,5,4,3,1,4,4568,1,64,3,2,2,3,2,1,2,1
1,37,2,2,1,4,4,3,1,2,41432,2,28,3,2,1,3,2,1,2,0
1,37,2,1,1,3,2,3,1,2,65832,2,25,3,2,1,3,1,1,2,0
4,25,4,2,1,4,2,3,1,2,16224,2,29,3,2,2,2,2,1,2,1
1,7,2,0,5,1,4,2,1,3,10992,2,74,3,2,1,4,2,2,2,1
1,13,2,2,1,3,4,3,3,1,10312,2,20,3,2,1,2,2,1,2,1
1,37,2,2,1,5,2,3,1,2,21696,2,40,1,2,1,3,1,1,2,0
1,16,4,2,1,3,2,1,1,3,7800,2,24,3,2,2,3,2,1,2,1
2,7,3,2,1,1,4,3,1,1,8400,2,34,2,2,2,4,2,2,1,1
1,7,4,0,1,4,4,2,1,3,4872,2,36,3,2,2,3,2,1,2,1
2,25,2,2,2,5,4,3,1,4,24552,4,29,3,3,1,3,2,1,2,1
2,13,2,0,2,2,4,2,1,2,6688,2,22,1,2,1,2,2,1,2,0
1,13,2,2,1,3,2,1,1,1,20616,3,41,3,2,1,3,2,1,2,1
1,13,2,2,1,3,2,2,2,3,12960,2,29,3,2,1,3,2,1,2,1
1,16,2,2,1,2,4,2,3,1,14760,2,45,3,1,1,3,2,1,2,1
1,25,2,1,1,1,4,3,1,2,52632,4,28,3,3,1,4,2,2,2,1
1,31,4,1,1,5,3,3,1,4,84984,4,37,3,3,3,4,1,2,2,1
1,19,2,0,2,4,4,3,1,3,17992,3,29,3,2,1,4,1,2,2,1
1,31,2,2,1,2,2,1,1,4,24864,2,30,3,2,1,2,2,1,2,0
2,13,4,0,1,4,2,3,1,3,7664,1,46,3,2,2,2,1,1,2,1
4,25,2,1,5,3,2,1,1,4,74216,4,47,3,3,1,3,2,2,2,1
4,25,4,10,1,1,4,3,2,2,50512,4,26,1,2,2,4,2,2,2,1
1,13,4,1,1,5,4,3,1,4,12208,4,65,3,3,2,4,2,1,2,1
1,13,2,2,1,3,2,3,2,2,28720,2,28,3,2,1,2,1,1,2,1
1,25,4,1,1,1,2,3,1,4,52920,4,74,3,3,2,4,2,2,2,1
1,7,4,2,1,1,4,3,1,4,14976,4,35,3,3,3,4,2,2,2,1
4,19,4,3,4,5,4,3,1,4,12656,3,45,3,2,2,3,2,1,2,1
4,7,2,8,5,1,4,3,1,4,9904,2,35,3,2,1,4,1,2,2,1
1,13,2,2,1,1,3,2,1,4,20624,4,54,3,3,1,4,2,1,2,1
1,16,4,2,1,3,4,2,1,3,11464,2,24,3,1,2,3,2,1,2,1
1,43,2,2,1,4,2,3,3,4,63056,2,44,3,3,1,3,1,1,2,1
1,25,2,2,1,3,4,3,1,4,33352,2,27,3,2,1,3,2,1,2,1
1,37,2,2,1,1,4,3,1,3,31672,2,29,3,2,1,4,2,2,2,1
1,37,2,0,1,4,2,3,1,4,25992,4,38,1,3,1,4,1,2,2,1
1,25,2,2,1,2,4,3,1,1,25192,4,21,1,3,1,3,2,1,2,1
1,13,4,2,1,5,3,3,1,3,17968,2,59,3,2,2,3,2,1,2,0
1,14,4,9,1,2,3,3,1,1,14376,2,27,1,2,2,2,2,1,2,1
1,21,4,2,1,5,1,2,1,4,34176,2,23,3,2,2,3,2,1,2,1
1,25,4,1,1,5,4,3,1,4,23656,2,62,3,2,2,3,2,2,2,1
1,37,4,2,1,3,3,4,1,2,18784,2,45,3,2,2,3,2,2,2,1
1,25,4,1,1,5,2,2,1,4,51352,4,43,3,3,2,4,1,2,2,1
1,49,4,1,1,5,4,2,1,4,49144,4,57,2,3,2,2,2,1,2,0
4,49,3,3,5,5,3,3,1,3,57904,3,31,1,2,2,3,1,1,2,1
2,31,3,9,2,5,4,3,1,2,20024,2,40,2,2,2,3,2,1,2,1
2,19,2,9,2,3,4,3,1,4,20976,3,33,3,2,1,3,2,1,2,1
2,25,2,2,5,3,1,2,1,4,34808,2,47,3,2,1,2,2,2,2,1
2,7,2,3,5,5,4,3,1,4,2944,2,37,3,2,1,3,2,1,2,1
2,13,2,8,5,5,4,3,1,4,6032,2,37,3,2,2,3,2,1,2,1
4,25,4,3,5,5,4,3,1,4,19392,2,52,3,2,2,3,2,1,2,1
2,49,3,9,5,3,4,3,1,4,53448,4,37,3,3,1,3,1,2,2,1
2,19,3,9,5,5,4,3,1,2,19416,2,41,3,2,2,3,2,1,2,1
2,25,4,3,2,2,4,3,1,4,9728,4,37,1,2,2,3,1,1,2,0
2,7,2,3,1,3,2,2,3,3,6024,1,63,3,2,1,3,2,1,2,1
2,8,2,3,1,3,2,3,3,2,20608,1,34,3,2,1,3,2,1,1,1
2,7,2,3,1,2,3,4,1,3,4720,1,25,3,2,1,2,2,1,1,1
2,9,2,3,1,3,4,3,3,2,11312,1,32,3,2,1,3,2,1,1,1
2,13,2,3,1,4,4,3,3,3,8824,1,28,3,2,2,3,2,1,2,1
2,7,2,3,1,5,4,3,1,4,8544,3,27,3,2,1,3,1,1,2,1
1,9,4,0,1,5,4,3,1,4,5704,1,46,3,2,2,2,2,1,2,1
2,8,2,3,1,2,1,2,3,1,18632,1,44,3,2,1,3,2,1,2,1
2,19,2,3,1,3,4,4,3,2,6928,1,24,3,2,1,2,2,1,2,1
2,8,2,3,1,3,3,3,3,2,19320,1,33,3,2,1,3,2,1,2,1
2,14,2,3,1,2,2,2,3,4,16808,2,22,3,2,1,2,2,1,2,1
2,19,2,3,1,5,4,4,3,2,10408,1,31,3,2,1,2,2,1,2,1
2,19,2,3,1,3,4,2,3,4,8904,1,25,3,2,1,2,1,1,2,1
2,9,2,3,1,4,4,2,3,2,6080,1,43,3,2,1,2,2,1,2,1
2,13,2,3,1,2,4,4,3,1,5000,1,25,1,2,1,2,2,1,2,1
3,7,4,0,2,5,2,1,1,4,10584,3,27,3,2,2,3,1,2,2,1
2,19,4,3,1,5,3,2,3,4,14360,1,47,1,1,2,2,2,2,2,1
2,16,4,3,5,4,4,3,3,2,21824,1,34,1,2,3,3,2,2,2,1
2,7,2,3,1,4,3,4,3,3,3872,1,27,1,2,1,2,2,1,2,1
2,11,1,3,1,3,4,3,1,4,8384,1,22,2,2,1,2,2,1,2,1
2,13,2,3,1,5,3,4,3,3,9240,1,39,1,2,2,2,2,1,2,1
2,21,3,1,5,4,3,3,1,4,56456,2,35,1,1,2,4,1,2,2,1
2,16,4,3,5,5,4,3,3,4,12296,1,49,3,2,2,3,2,2,2,1
1,13,2,3,1,3,4,3,1,3,17712,2,23,3,2,1,2,2,1,2,1
2,11,2,2,1,3,4,1,1,2,12168,3,30,3,2,1,2,2,1,2,1
2,37,1,4,5,2,3,2,1,2,31920,4,28,1,2,1,1,2,1,2,1
3,19,2,2,1,2,1,2,1,1,24392,2,44,2,2,1,2,2,1,2,1
1,25,2,3,2,3,4,2,1,2,10256,3,31,3,2,1,2,2,1,2,0
4,61,2,3,2,4,2,2,1,4,81152,1,20,3,2,1,3,2,2,2,1
2,7,2,5,1,2,3,4,1,1,3632,2,21,3,2,1,2,2,1,2,1
4,16,3,1,1,2,1,2,1,2,28752,2,45,3,2,2,2,2,1,2,1
4,13,2,2,1,3,3,3,1,2,14144,1,23,3,1,1,2,2,1,2,1
4,61,3,3,1,4,2,3,1,4,125224,3,20,3,2,2,3,2,2,2,1
4,25,2,3,1,3,4,4,1,2,11304,2,27,3,2,1,3,2,1,2,1
2,46,4,1,2,1,3,3,1,4,36608,3,26,3,2,1,3,2,1,2,1
2,37,4,1,1,3,3,3,1,4,46400,3,33,3,2,2,3,2,2,2,1
1,31,2,2,4,5,4,2,1,4,28976,2,56,3,1,2,3,2,2,2,1
1,7,4,3,5,5,4,3,1,4,9352,1,66,3,2,2,3,2,2,2,1
4,16,2,4,3,4,4,3,1,3,10096,2,35,3,2,2,3,2,2,2,1
2,31,4,0,5,5,4,3,1,4,17448,1,35,3,2,2,3,2,1,2,1
1,49,1,9,1,4,2,2,3,4,61480,3,36,3,1,1,3,2,1,2,0
4,49,4,6,1,3,1,3,1,3,48880,4,30,1,3,1,3,2,2,2,1
4,25,2,0,1,5,4,2,2,4,30056,4,61,3,3,1,3,2,2,2,1
1,43,4,5,1,1,4,3,2,4,27152,3,64,3,2,2,1,2,1,2,1
4,37,4,9,5,5,4,3,1,4,50432,1,35,3,2,2,3,2,1,2,1
4,10,4,6,5,5,4,2,1,4,9952,2,40,3,1,2,2,2,1,2,1
4,7,2,0,1,3,2,3,3,3,28144,2,25,3,1,1,3,2,1,2,1
4,37,0,5,1,3,4,3,1,2,20904,3,26,3,2,2,3,2,1,2,1
1,49,2,6,1,4,4,3,1,1,59808,4,49,3,3,1,4,2,2,2,1
4,25,2,9,4,3,2,3,1,3,36728,2,53,3,2,3,4,2,2,2,0
2,19,2,2,5,2,4,2,1,3,15392,1,26,3,1,1,3,2,1,2,0
2,73,2,3,2,3,2,4,1,2,44760,3,23,3,2,1,3,2,1,2,0
3,16,2,6,1,5,4,3,1,4,15240,3,39,3,1,1,4,2,2,2,1
4,22,3,1,1,3,3,3,1,2,23944,1,27,2,2,2,2,2,1,2,1
4,37,3,1,5,4,3,3,1,2,71576,3,30,2,2,1,4,1,2,2,1
1,25,2,2,1,3,2,3,1,2,32160,3,26,2,2,1,3,2,1,2,1
2,19,2,1,1,3,1,4,1,3,22232,3,20,3,1,1,3,2,2,2,1
4,22,2,0,3,4,1,2,1,2,22256,3,30,1,2,1,4,2,1,2,1
4,13,2,0,1,5,4,3,1,4,15072,3,38,3,2,1,4,2,2,2,1
4,37,4,1,5,3,4,3,1,2,88432,3,29,3,2,1,4,2,2,2,1
2,61,3,3,5,3,2,3,1,2,73256,4,26,3,3,1,4,2,1,2,1
2,43,1,1,1,1,1,3,1,2,74264,4,54,1,3,1,4,2,2,2,1
4,61,2,0,5,3,4,3,1,4,52216,4,33,3,3,1,3,1,2,2,1
1,16,2,0,1,1,1,2,1,4,20088,3,22,3,1,1,3,2,1,2,1
4,7,2,4,3,3,1,1,1,4,10704,1,61,3,2,1,3,2,1,2,1
2,10,2,3,1,5,4,3,1,4,8656,3,36,3,2,2,2,2,1,2,1
4,19,4,3,4,3,4,3,1,3,9192,1,45,3,2,2,3,2,1,2,1
2,16,2,5,1,5,4,3,1,4,10464,3,37,3,2,2,2,2,1,2,1
2,21,0,1,2,5,3,4,1,4,49184,3,30,1,2,2,3,2,2,2,1
4,13,2,2,1,4,3,2,1,4,13888,1,30,3,2,1,2,2,1,2,1
4,31,2,1,5,4,2,2,1,4,38488,2,23,2,1,1,2,2,1,2,1
4,7,2,2,1,3,1,4,1,2,14128,2,20,3,1,1,3,2,1,2,1
2,25,2,1,5,5,4,3,1,4,22080,4,35,1,3,1,3,2,2,2,1
4,25,4,5,1,5,3,3,1,4,44056,4,43,3,3,2,3,2,1,2,1
2,10,2,6,1,4,4,2,1,4,9592,2,66,3,2,2,4,2,2,2,1
3,25,2,2,1,5,3,1,1,4,23136,4,50,3,3,1,3,2,1,2,1
2,37,3,0,2,5,4,3,1,3,22896,4,29,3,3,1,3,2,1,2,1
2,10,4,6,4,5,4,3,1,3,9088,4,31,3,3,2,3,1,1,2,0
2,25,2,1,3,2,3,2,1,4,32904,3,27,3,1,1,3,2,1,2,0
2,7,2,0,5,1,1,3,1,2,116440,2,22,3,2,1,1,2,2,2,0
1,16,0,0,1,5,4,3,1,3,7600,3,32,3,1,2,3,1,1,2,0
1,25,4,0,1,5,4,3,1,4,9592,3,59,3,2,2,2,2,1,2,0
1,13,0,0,1,3,4,3,1,4,8656,3,47,1,2,2,3,2,1,2,0
2,31,2,0,1,3,4,2,3,2,17200,4,23,1,2,1,3,2,1,2,0
2,37,4,0,1,2,4,1,1,4,22560,3,26,3,2,2,3,2,1,2,0
2,49,2,3,1,4,4,3,1,4,24480,1,27,3,2,2,3,2,1,2,0
4,22,0,0,5,3,1,2,1,4,40024,2,28,1,2,2,3,2,2,2,0
4,25,3,0,1,5,4,3,1,4,20304,3,46,3,2,2,2,1,1,2,0
4,10,2,3,1,4,4,3,1,2,11824,3,21,3,2,1,3,2,1,2,0
4,19,4,0,1,3,3,3,1,2,12240,2,31,1,2,2,3,2,1,2,0
2,10,1,0,2,4,2,3,1,3,11496,4,28,3,2,1,3,2,1,2,0
1,16,2,4,5,3,4,2,1,2,10200,3,23,3,1,1,3,2,1,2,0
1,25,2,3,1,1,4,3,1,2,14584,3,29,2,2,1,4,1,1,2,0
1,10,2,0,1,2,3,3,1,2,11376,4,26,3,3,1,4,2,2,2,0
1,37,2,0,1,4,2,3,1,1,74168,3,23,3,2,1,3,2,2,2,0
1,37,3,9,1,4,2,3,1,1,17160,3,23,3,2,2,3,2,2,2,0
1,37,2,0,1,2,4,2,1,4,14736,3,33,3,2,1,3,2,2,2,0
2,19,3,2,1,5,4,1,1,3,34376,4,39,3,2,1,4,2,2,2,0
1,7,4,2,1,3,1,1,1,4,27072,1,43,3,1,1,4,2,2,2,0
2,19,4,3,1,3,4,4,1,2,9960,3,32,3,2,1,3,2,1,2,0
4,16,2,6,2,3,3,3,1,2,36984,2,39,3,2,1,4,2,2,2,0
2,31,4,2,1,4,2,3,1,2,67088,2,48,3,2,1,3,2,1,2,0
1,25,3,3,1,2,4,4,1,4,8192,1,47,2,2,1,3,2,1,2,0
2,7,1,6,4,2,4,2,1,2,3464,2,23,1,1,1,3,1,1,2,0
4,25,2,3,3,5,3,3,1,2,19176,3,34,1,2,2,3,2,2,2,0
2,7,1,0,2,2,1,2,1,1,7448,2,31,2,2,1,2,2,1,2,0
2,16,3,5,4,3,3,4,1,3,12096,2,60,2,2,2,3,2,1,2,0
2,25,0,9,1,3,1,3,1,4,33928,1,35,3,2,3,2,2,2,2,0
2,25,4,2,1,2,2,2,1,4,37888,3,24,1,2,1,2,2,1,2,0
2,16,0,0,1,2,2,2,1,1,14224,1,25,3,1,2,1,2,1,2,0
3,16,2,3,1,2,2,2,1,3,18616,1,24,3,2,1,2,2,1,2,0
1,25,1,2,1,2,2,1,1,1,54976,2,54,1,2,1,3,2,2,2,0
1,13,2,6,1,2,4,2,1,4,6360,2,52,3,2,1,3,2,1,2,0
3,31,3,9,1,5,4,3,1,4,15264,1,65,3,2,1,4,2,2,2,0
3,19,2,2,1,3,2,3,1,1,22912,1,33,3,2,1,2,1,1,2,0
3,22,4,6,1,2,2,1,1,1,18552,3,32,3,1,1,3,2,1,2,0
1,25,2,0,5,5,4,2,1,2,7320,3,28,1,2,1,3,2,1,2,0
3,25,2,0,1,4,4,3,1,3,7576,4,37,1,3,1,3,1,1,2,0
1,25,2,0,5,4,4,2,1,4,10280,4,31,3,1,1,3,2,1,2,0
1,25,2,0,5,3,4,2,1,4,10968,1,24,3,1,1,3,2,1,2,0
2,19,2,0,5,3,4,2,1,2,8336,2,32,3,2,1,3,2,1,2,0
1,13,2,0,5,3,4,4,1,2,7200,3,22,3,2,1,3,2,1,2,0
1,25,2,0,1,2,4,2,1,4,9656,2,23,3,1,1,3,2,1,2,0
2,19,0,0,2,2,3,2,1,3,18224,3,27,3,2,2,3,2,1,2,0
1,61,3,9,1,5,3,3,1,4,54688,4,62,3,2,2,3,2,2,2,0
1,25,2,2,1,5,4,3,1,2,26760,2,38,3,1,1,4,2,2,2,0
2,49,2,9,1,3,2,3,1,2,125376,3,22,3,2,1,3,2,2,2,0
1,61,2,9,1,5,4,3,2,4,58376,4,35,3,1,1,3,2,1,2,0
1,19,2,3,1,3,2,2,1,2,25520,1,23,3,2,1,3,2,1,2,0
2,10,1,1,1,5,2,2,1,4,41032,4,73,1,3,1,4,1,2,2,0
4,19,3,2,1,4,4,2,1,1,14464,1,21,3,2,1,3,2,1,2,0
3,11,2,0,2,5,1,2,1,4,9920,4,47,3,3,1,2,1,1,2,0
1,13,2,0,1,4,4,3,1,2,6072,1,25,3,2,1,3,2,1,2,0
4,10,2,2,1,2,2,2,2,2,15840,3,18,3,1,2,3,2,1,2,0
2,49,2,3,4,4,1,3,2,2,87688,4,26,1,2,2,3,2,2,2,0
1,37,3,6,1,3,4,3,1,3,55096,2,28,2,2,1,3,2,2,2,0
1,25,2,3,1,2,4,1,1,3,15504,2,31,3,2,1,3,2,1,2,0
1,22,2,3,1,3,3,2,1,2,14680,1,24,3,2,2,3,2,2,2,0
1,25,3,3,1,2,4,2,1,2,13272,3,28,3,1,1,2,2,2,2,0
2,7,3,0,1,1,4,3,1,4,9672,2,46,3,2,1,4,2,2,2,0
2,13,2,5,1,3,4,3,1,2,5112,3,29,3,2,1,3,2,1,2,0
2,49,2,3,1,3,2,2,1,2,47608,1,21,3,2,1,3,2,1,2,0
2,37,0,3,1,3,4,2,1,1,30432,3,41,3,2,1,3,2,2,2,0
4,37,3,3,1,3,4,3,1,2,35704,3,25,3,2,2,4,2,2,2,0
4,37,3,9,5,2,4,3,1,4,63840,3,26,3,1,2,3,2,2,2,0
3,37,2,3,1,3,4,3,1,2,33680,3,25,3,2,1,3,2,1,2,0
4,7,2,2,1,2,1,2,1,4,36888,2,31,3,2,1,3,2,1,2,0
2,25,2,1,1,3,1,2,1,4,92480,3,22,3,1,2,4,2,1,2,0
4,19,0,9,1,3,2,3,1,2,33320,3,35,2,2,2,3,1,1,2,0
2,25,2,2,1,4,3,1,1,3,32456,3,42,3,2,1,3,2,2,2,0
4,19,1,0,1,5,2,3,1,4,51664,4,38,1,2,2,4,1,2,2,0
4,13,2,0,3,3,2,2,1,2,11088,2,25,3,2,1,3,2,1,2,0
1,37,2,6,5,5,4,3,1,4,15816,4,39,3,2,1,4,2,2,2,0
2,19,4,2,1,2,2,3,1,2,15424,1,30,3,2,2,2,2,1,2,0
2,25,2,10,1,3,2,3,2,3,90624,3,28,1,2,2,4,2,2,2,0
2,61,1,10,2,5,3,2,1,4,118256,4,59,1,3,2,4,2,2,2,0
2,37,2,3,2,3,4,2,2,4,21368,4,49,3,3,1,3,2,1,2,0
2,37,2,6,2,3,1,3,1,4,100896,4,46,3,3,1,3,1,2,2,0
1,13,1,3,1,3,4,2,1,4,5008,1,23,1,2,1,2,2,1,2,0
2,25,4,9,1,5,4,1,1,4,15480,1,30,3,2,2,3,2,2,2,0
4,19,2,2,1,2,4,4,2,1,12264,2,42,3,2,1,2,1,1,2,0
1,49,2,0,1,4,4,3,1,4,31448,4,45,3,3,1,3,1,1,2,0
1,25,1,2,3,2,4,3,1,4,26792,4,29,3,3,1,3,1,2,2,0
1,37,2,3,1,3,4,1,1,4,18416,3,30,3,1,1,3,2,1,2,0
1,43,2,3,1,2,4,3,1,3,31720,3,33,3,2,1,3,2,1,2,0
1,13,2,3,2,2,4,4,1,3,5816,4,32,3,2,1,2,2,2,2,0
1,49,2,9,1,2,3,2,1,4,34464,2,23,3,1,1,3,2,1,2,0
2,13,2,3,1,2,1,4,1,1,12272,1,22,3,1,1,3,2,1,2,0
4,19,4,0,1,4,2,3,1,2,22200,2,30,1,2,2,3,2,1,2,0
2,13,2,0,1,2,3,2,1,1,10360,3,24,3,1,1,3,2,1,2,0
2,37,2,1,1,2,1,4,1,4,75184,3,27,3,1,1,4,2,2,2,0
2,13,2,2,2,2,4,2,1,4,7608,3,26,1,1,4,3,2,1,2,0
2,25,2,0,1,2,3,2,1,4,10840,3,24,3,2,1,2,2,2,2,0
4,37,4,0,1,3,4,2,1,2,62840,1,24,2,2,2,3,2,2,2,0
4,19,2,3,1,1,3,2,2,4,3464,1,21,3,1,1,3,2,1,2,0
4,37,3,9,1,2,1,1,1,1,76576,3,27,3,2,2,3,2,1,2,0
2,25,1,6,1,4,4,2,1,4,14696,4,33,1,3,1,2,2,1,2,0
2,31,4,0,1,1,4,4,1,2,33992,3,27,3,2,2,4,2,1,2,0
2,31,4,0,1,1,4,4,1,2,41872,3,27,3,2,2,4,2,1,2,0
1,49,2,3,1,3,3,2,1,2,54064,3,30,3,2,1,3,2,2,2,0
1,10,2,3,1,2,3,2,1,4,10928,2,21,3,1,1,3,2,1,2,0
1,19,2,2,1,1,4,3,1,1,19784,3,24,3,2,1,1,2,1,2,0
3,10,0,3,1,2,4,3,1,2,10696,3,33,3,2,2,4,2,2,2,0
1,49,2,0,1,5,4,3,1,4,62104,4,41,1,3,1,4,2,1,2,0
2,16,1,0,2,3,2,4,1,2,10112,2,24,3,1,1,3,2,1,2,0
2,16,2,0,2,3,2,2,1,4,21048,3,27,3,1,2,3,2,2,2,0
2,49,2,0,2,4,3,3,1,2,52480,2,23,3,2,1,3,2,1,2,0
1,25,2,0,1,2,4,2,1,1,24984,2,26,3,2,1,3,2,1,2,0
1,37,4,6,1,3,3,2,1,2,64520,4,24,3,2,2,4,2,2,2,0
1,25,2,3,1,2,4,2,1,4,19512,1,34,3,2,1,3,2,2,2,0
2,61,2,0,1,4,4,3,1,2,112216,4,26,3,2,1,4,2,2,2,0
1,37,4,1,1,4,4,3,1,4,77032,3,23,3,2,2,3,2,2,2,0
2,13,2,3,5,3,2,4,1,1,11872,1,24,3,2,1,3,2,2,2,0
1,19,2,2,1,1,4,2,1,2,9048,3,32,3,2,1,3,2,1,2,0
2,25,3,2,1,1,3,2,1,2,16512,2,33,3,2,1,4,2,2,2,0
2,19,2,1,1,1,3,2,1,4,103808,4,37,3,3,1,4,2,2,2,0
4,22,3,9,3,2,4,3,1,2,20640,1,40,1,2,1,2,1,1,2,0
4,28,2,0,1,3,3,2,1,3,20560,1,20,3,1,1,3,2,1,2,0
2,28,2,9,1,3,4,3,1,2,31320,3,35,3,2,1,3,1,2,2,0
4,11,2,0,5,3,4,3,3,4,10472,2,26,3,2,1,2,2,1,2,0
1,25,2,0,1,4,2,3,2,3,38536,2,30,3,2,1,3,2,2,2,0
1,13,2,0,1,2,4,3,1,1,20632,1,32,3,2,1,2,1,1,2,0
2,37,3,0,1,5,4,3,1,4,17800,4,56,1,3,2,3,2,2,2,0
1,19,2,2,1,3,2,3,2,3,33224,3,41,3,2,1,3,2,1,2,0
1,19,0,2,1,2,1,2,1,4,24912,2,25,3,1,1,3,2,1,2,0
1,19,4,2,1,3,4,2,1,4,16992,1,23,3,1,2,3,2,1,2,0
1,19,1,2,1,3,4,3,1,3,12424,3,43,1,2,1,3,2,1,2,0
1,25,3,0,1,1,4,3,1,2,10664,1,42,3,3,2,3,1,1,2,0
1,49,0,2,1,3,3,3,1,4,56952,4,52,3,3,2,3,1,1,2,0
1,25,3,0,1,3,3,3,1,4,38960,4,52,3,3,2,3,1,1,2,0
1,13,4,0,1,5,4,3,1,3,5528,2,34,3,2,2,3,2,1,2,0
1,43,3,3,1,4,3,3,1,2,34960,2,25,1,2,2,3,1,2,2,0
1,37,1,2,1,5,4,3,1,4,21968,3,30,1,2,1,3,2,1,2,0
1,25,0,2,1,5,3,3,1,4,32880,4,22,1,1,2,3,1,1,2,0
1,19,2,2,1,3,2,3,1,2,19696,3,21,3,2,1,3,2,1,2,0
1,13,2,2,1,3,2,2,1,4,10256,3,19,3,1,1,3,2,1,2,0
1,13,1,0,1,2,4,3,1,2,5576,3,45,1,2,2,3,2,2,2,0
1,25,2,0,1,4,4,2,1,4,11536,3,22,3,1,2,3,2,1,2,0
1,22,3,6,1,2,2,3,1,1,27312,2,25,2,2,2,3,2,1,2,0
1,19,2,2,1,3,1,2,1,4,16312,1,19,3,1,1,3,2,1,2,0
1,25,1,9,1,3,4,3,1,2,25288,2,30,1,1,1,3,2,2,2,0
1,13,2,8,1,4,4,4,1,4,7216,2,20,3,1,1,3,2,1,2,0
1,49,2,1,1,4,4,3,1,4,82376,4,38,3,3,3,3,1,2,2,0
2,49,0,9,1,3,2,3,1,2,115368,3,24,2,2,1,3,2,2,2,0
2,19,4,0,1,5,3,3,3,3,8448,1,29,3,2,2,3,2,1,2,0
1,13,2,0,1,2,3,2,1,1,10192,1,36,1,2,1,2,2,1,2,0
2,13,2,0,1,5,1,1,1,1,9784,1,45,3,1,2,3,2,1,2,0
1,17,4,0,1,5,2,3,3,4,21000,2,42,3,1,1,3,2,2,1,0
1,21,4,0,1,3,4,4,3,2,17880,2,32,1,1,2,3,2,1,1,0
2,10,2,2,1,3,1,2,1,2,7672,3,28,1,2,1,3,2,1,2,0
2,19,4,0,1,5,4,3,1,4,7072,3,35,3,2,1,3,1,2,2,0
2,25,2,0,1,2,4,3,1,2,9968,1,22,1,2,1,2,2,1,2,0
2,37,3,0,2,5,2,3,1,4,64688,3,41,2,2,4,4,2,2,2,0
4,49,4,0,3,3,2,3,1,2,81016,4,43,3,3,1,3,2,1,2,0
4,11,2,2,1,3,2,3,1,2,17680,1,24,3,1,1,2,2,1,2,0
4,31,1,1,5,1,4,2,1,1,59880,1,52,1,2,1,4,2,2,2,0
1,19,1,0,1,4,4,3,1,4,11536,4,31,1,3,2,2,1,1,2,0
4,13,4,3,5,5,4,2,1,3,6376,2,32,3,2,1,2,1,1,2,0
2,46,4,3,1,2,4,3,1,2,37968,2,23,1,2,2,2,2,1,2,0
3,13,4,0,3,4,4,4,1,2,7512,1,27,3,2,3,3,2,2,2,0
2,22,2,9,1,5,2,2,1,4,9504,2,38,3,2,1,3,1,1,2,0
4,49,4,1,2,3,2,2,1,4,92720,3,23,3,1,2,2,2,1,2,0
3,13,1,9,1,2,4,2,1,1,4872,1,25,1,2,1,1,2,1,2,0
1,19,4,5,1,1,2,2,1,4,9520,4,54,3,3,3,1,1,1,2,0
2,22,2,9,2,5,4,1,1,2,22136,3,60,3,1,2,2,2,1,2,0
2,31,2,2,2,3,2,2,2,4,27528,3,20,1,1,1,3,2,1,2,0
2,31,0,9,2,3,4,2,1,4,34240,3,25,3,1,2,2,2,1,2,0
2,25,2,3,2,2,3,4,1,2,24736,3,21,3,1,1,3,2,2,2,0
4,19,2,0,5,3,2,3,1,4,54088,3,67,2,1,2,3,2,1,2,0
2,13,2,3,1,2,2,3,1,1,10648,3,21,3,2,1,3,2,1,2,0
2,55,0,9,1,2,3,3,1,4,127560,4,57,3,1,1,3,2,2,2,0
1,25,2,2,1,2,4,2,1,4,25872,1,22,3,1,1,2,2,2,2,0
2,16,2,3,1,5,4,3,1,3,6416,3,36,3,2,1,3,1,1,2,0
2,49,2,2,1,2,1,2,1,2,79680,3,25,1,2,1,3,2,2,2,0
4,25,3,9,1,2,2,3,1,2,69184,3,26,1,2,2,3,2,2,2,0
1,46,2,3,1,3,4,3,1,4,14760,4,22,3,3,1,3,2,2,2,0
4,49,2,9,1,1,3,3,1,2,38752,3,32,3,1,1,4,2,2,2,0
3,19,2,3,1,3,4,3,2,2,16800,1,36,3,2,1,3,2,1,2,0
1,46,0,9,1,5,2,3,1,4,94528,3,28,3,1,2,3,2,1,2,0
1,7,2,6,1,2,4,2,1,4,3584,2,22,3,2,1,3,2,1,2,0
1,31,2,5,1,2,1,1,1,1,95984,4,33,1,2,1,2,2,2,2,0
2,49,0,10,1,3,1,2,1,2,147392,2,31,1,2,1,4,2,2,1,0
1,7,2,0,1,5,1,3,1,4,119168,4,67,1,2,1,4,2,2,2,0
2,13,2,2,5,5,1,2,1,2,22096,2,24,3,2,1,3,2,2,2,0
1,13,2,1,1,5,3,3,1,4,27088,4,34,3,3,1,3,2,2,2,0
2,25,2,3,1,2,1,4,1,1,16312,2,21,3,2,1,3,2,2,2,0
2,49,4,2,1,3,2,2,1,3,40768,3,29,3,2,1,4,2,2,2,0
1,19,2,3,1,3,4,2,1,4,15056,3,24,1,1,2,3,2,1,2,0
1,49,2,3,1,4,1,4,3,1,55992,1,33,3,2,2,3,2,2,2,0
4,13,4,9,1,1,4,3,1,2,18336,3,41,2,2,2,4,2,2,2,0
1,15,2,0,1,5,1,1,1,4,71824,2,44,3,2,1,4,2,2,1,0
1,13,2,3,2,4,4,4,1,1,5392,2,19,3,2,1,3,2,1,2,0
1,19,2,0,1,2,1,2,1,2,7808,3,22,3,2,1,2,2,1,2,0
1,19,2,6,1,1,4,2,1,1,6000,1,26,3,2,1,1,2,1,2,0
2,25,2,1,1,5,4,2,1,2,100632,4,43,3,3,1,4,2,2,2,0
1,19,2,1,5,5,1,3,1,4,60088,2,50,3,3,1,3,1,2,2,0
1,19,4,0,1,5,1,2,1,4,31728,1,32,1,1,3,3,2,2,2,0
1,13,0,3,1,3,4,3,1,2,49592,2,27,3,1,2,3,2,2,2,0
1,25,2,3,1,3,2,3,1,4,15896,1,20,3,1,1,2,1,1,2,0
1,25,2,0,1,5,4,3,2,1,18424,1,44,3,2,1,3,2,1,2,0
4,22,4,0,5,5,4,3,1,4,101440,4,29,3,3,1,4,2,2,2,0
2,13,2,3,5,1,2,3,1,1,51744,4,51,3,2,1,4,2,2,2,0
